Theta,Phi,Left encoder,Right encoder,X,Y,Psi,D1_U,Error_u
0.048825,0.000000,-4348.000000,9771.000000,0.000000,0.000000,0.000000,0.970253,0.048825
